<?xml version="1.0" encoding="UTF-8"?>

<!--
    Document   : callReport.xml
    Created on : 22 May 2008, 14:38
    Author     : rmcconnell
    Description:
        Purpose of the document follows:
          Example of a Term deal to  be importer or exported by siena
        
    Deal Type identification:
      This has a SubTyp of CALL so this is a Call deal
    Attributes:
      ExecTyp=0: means new report
      TrdDt:   The date the trade was struck
      TrdID:   For deal import this is an bank generated reference. For Deal export this will be a siena contract number.
      OrigTrdID:  This is included for deal export. It is the siena external reference number. For trades that originated from RMB this will be an RMB genrated number.
      TrdID2:  The siena reference number. This is static for the lifetime of the deal (survives deal edits). Only relevant for deal export
      Ccy:     The account currency
      LastQty: The opening balance
      LastPx:  The starting interest rate
	  CGName:  The Call Group Name.
-->

<TrdCaptRpt  xmlns:xsi='http://www.w3.org/2001/XMLSchema-instance'
   xmlns='http://www.fixprotocol.org/FIXML-5-0-SP1'
   xsi:schemaLocation='http://www.fixprotocol.org/FIXML-5-0-SP1 fixml-tradecapture-base-5-0-SP1.xsd'
    ExecTyp="0" TrdDt="2011-02-11" TrdID="ABC1234" OrigTrdID="XYZ1234" TrdID2="SIENA-REF1234"
   Ccy="GBP" LastPx="5" LastQty="6000000" CGName="Test1">
<!--
  Snt: The time this report was sent
-->
<Hdr Snt="2011-02-11T10:32:00"/>
<!--
  CFI=DYFXXX: means MM
  SubType: Call means Call
-->
<Instrmt CFI="DYFXXX" SubTyp="CALL"/>
<!-- 
  StartDt: The start date of the first interest period
  Note there is no END date. This is a Call deal.
-->
<FinDetls StartDt="2008-05-23"/>
<!--
    Point
      Interest rate frequency:
        3M means payable quarterly
    Name
      Interest Rate Types:
        Base
        Call
        Fixed
        LIBID
        LIBOR
        Prime
        SIBID
        SIBOR
  -->
  <SprdBnchmkCurve Point="1M" Name="Fixed"/>
  <!--
    The following legs have not yet reached their fixing date i.e. no interest rate
    is defined, but are included to define the interest schedule.
  -->
  <TrdLeg SettlDt="2011-03-11"/>
  <!--
    The last date interest is payable. LastPx is never specified for the last
    leg as LastPx is the interest rate for the coming period.
  -->
  <TrdLeg SettlDt="2011-03-11"/>
<!-- 
  Side=F: Means lend. B means borrow. This is from the banks point of view. This
  is a Loan
-->
<RptSide Side="F">
  <!--
    The Order originating firm
    -->
  <Pty ID="12345678" R="13"/>
  <!--
    The mandated user
  -->
  <Pty ID="traderA" R="11"/>
  <SettlDetails>
    <!-- Key for settlement instruction -->
    <!--   -->Pty ID="abc1"/&gt;   --&gt;
  </SettlDetails>
  </RptSide>
</TrdCaptRpt>
